,field_id,fips_code,precip,max_temp,mean_temp
0,1092,27111,22.35,72.6,44.449999999999996
1,3699,19019,29.43,73.1,48.35
2,5554,17163,37.68,78.1,56.84166666666667
3,4871,20065,19.24,78.6,54.59166666666667
4,5132,17107,42.2,75.6,53.833333333333336
5,5203,17143,43.64,75.4,53.18333333333334
6,3462,27013,25.05,73.9,47.800000000000004
7,4797,19047,28.34,74.0,50.541666666666664
8,4557,17073,39.370000000000005,74.1,51.36666666666667
9,5608,20113,30.12,80.3,57.224999999999994
